"","rank","gene","mut","p-value","total_events","covered_events","node_degree","no.of.cases","connected.drivers","case"
"CDH1","1","CDH1","87","0","5077","234","94","62","1,2,3,7,11,12,18,22,23,25,27,32,35,39,41,43,44,45,49,52,59,60,63,66,70,71,75,77,82,84,90,97,109,121,123,126,127,134,135,136,143,146,165,181,187,196,198,199,200,226","TCGA-AR-A24X,TCGA-D8-A3Z5,TCGA-BH-A18P,TCGA-BH-A0C1,TCGA-GI-A2C8,TCGA-A2-A1FV,TCGA-E2-A1L8,TCGA-BH-A18F,TCGA-C8-A3M7,TCGA-E2-A1IH,TCGA-GM-A4E0,TCGA-GM-A5PX,TCGA-AR-A1AL,TCGA-AR-A1AT,TCGA-A7-A4SB,TCGA-AC-A2FF,TCGA-D8-A27G,TCGA-GM-A2DO,TCGA-AC-A3TN,TCGA-A7-A3IZ,TCGA-OL-A66K,TCGA-AR-A24T,TCGA-A2-A0CR,TCGA-BH-A28Q,TCGA-D8-A27V,TCGA-AR-A2LE,TCGA-E9-A2JT,TCGA-BH-A2L8,TCGA-PE-A5DD,TCGA-EW-A1J5,TCGA-B6-A0RQ,TCGA-AC-A3TM,TCGA-B6-A40C,TCGA-C8-A1HO,TCGA-AC-A3OD,TCGA-C8-A274,TCGA-AC-A3W7,TCGA-E2-A2P5,TCGA-AC-A3W6,TCGA-D8-A1XO,TCGA-B6-A40B,TCGA-AR-A5QM,TCGA-A2-A3KC,TCGA-D8-A1JN,TCGA-LL-A50Y,TCGA-PE-A5DC,TCGA-BH-A0E9,TCGA-GM-A2DD,TCGA-AR-A2LN,TCGA-E9-A3X8,TCGA-D8-A1Y1,TCGA-AC-A23G,TCGA-A2-A1G0,TCGA-A7-A13H,TCGA-PE-A5DE,TCGA-BH-A209,TCGA-B6-A2IU,TCGA-D8-A27T,TCGA-A7-A3J1,TCGA-LQ-A4E4,TCGA-GM-A3XN,TCGA-AR-A2LJ"
"FAT2","2","FAT2","20","0","5077","85","73","5","1,2,3,7,11,12,18,22,23,25,27,32,35,39,43,44,45,49,52,59,60,63,66,70,71,75,77,82,84,90,97,109,121,126,127,134,136,143,146,165,181,187,196,198,199,200","TCGA-BH-A0BT,TCGA-C8-A26Y,TCGA-E2-A574,TCGA-E9-A54Y,TCGA-D8-A1XK"
"PCDH19","3","PCDH19","17","0","5077","60","73","11","1,2,3,7,11,12,18,22,23,25,27,32,35,39,43,44,45,49,52,59,60,63,66,70,71,75,77,82,84,90,97,109,121,126,127,134,136,143,146,165,181,187,196,198,199,200","TCGA-D8-A1X6,TCGA-E2-A1II,TCGA-GM-A2DH,TCGA-C8-A12M,TCGA-A7-A13D,TCGA-B6-A0X0,TCGA-C8-A1HG,TCGA-AR-A0TY,TCGA-BH-A18G,TCGA-E9-A5FL,TCGA-C8-A12N"
"LAMA1","4","LAMA1","17","0","5077","54","72","10","4,6,8,9,10,13,15,17,20,21,28,30,33,34,36,41,42,46,61,64,78,83,87,93,99,101,104,108,112,114,122,133,135,142,145,150,159,173,185,207,216","TCGA-E9-A1NA,TCGA-D8-A27G,TCGA-AO-A1KP,TCGA-AC-A23H,TCGA-A7-A5ZV,TCGA-AR-A5QQ,TCGA-D8-A1JK,TCGA-OL-A5RZ,TCGA-A2-A4S3,TCGA-A2-A3XW"
"RYR2","5","RYR2","46","0","5077","49","24","21","5,16,48,62,86,94,141,202,233","TCGA-OL-A5RW,TCGA-C8-A12U,TCGA-E2-A155,TCGA-EW-A1PC,TCGA-D8-A1J8,TCGA-D8-A1JT,TCGA-E9-A5UP,TCGA-E9-A3Q9,TCGA-E9-A1ND,TCGA-D8-A27V,TCGA-D8-A1JA,TCGA-BH-A0BZ,TCGA-AC-A2BK,TCGA-EW-A1PH,TCGA-A2-A0CW,TCGA-EW-A1P4,TCGA-GM-A3XL,TCGA-D8-A27I,TCGA-AR-A1AS,TCGA-D8-A1XJ,TCGA-A2-A3Y0"
"FN1","6","FN1","8","0","5077","48","81","3","4,6,8,9,10,15,20,21,28,30,33,34,36,38,42,46,61,64,78,87,93,99,101,104,108,113,114,115,122,123,142,145,150,159,173,185,191,207,216","TCGA-GM-A2DB,TCGA-D8-A1JN,TCGA-E2-A15K"
"PCDH10","7","PCDH10","12","0","5077","47","73","6","1,2,3,7,11,12,18,22,23,25,27,32,35,39,43,44,45,49,52,59,60,63,66,70,71,75,77,82,84,90,97,109,121,126,127,134,136,143,146,165,181,187,196,198,199,200","TCGA-D8-A1XC,TCGA-E2-A1LG,TCGA-D8-A1JA,TCGA-EW-A3U0,TCGA-C8-A1HM,TCGA-D8-A1XT"
"ITGAM","8","ITGAM","7","0","5077","47","69","6","4,6,8,9,15,20,21,28,29,30,33,34,36,38,42,46,61,64,78,87,93,98,104,108,113,114,122,142,145,158,159,173,185,207","TCGA-E9-A5UP,TCGA-C8-A137,TCGA-E2-A1IN,TCGA-C8-A275,TCGA-E2-A2P6,TCGA-BH-A18G"
"LAMC3","9","LAMC3","5","0","5077","45","73","5","4,6,8,9,10,13,15,17,20,21,28,30,33,34,36,38,41,42,46,61,64,78,83,87,93,99,101,104,108,112,113,114,122,133,135,142,145,150,159,173,185,207,216","TCGA-E2-A1LG,TCGA-BH-A0DD,TCGA-AR-A2LE,TCGA-BH-A201,TCGA-A2-A4S1"
"PRKCA","10","PRKCA","5","0","5077","41","73","5","4,6,9,10,28,38,40,41,54,64,67,72,86,88,91,93,94,107,112,113,114,132,133,135,138,145,155,164,183,186,188,189,216,221,228,234","TCGA-E9-A5UP,TCGA-A7-A4SF,TCGA-C8-A274,TCGA-A7-A5ZV,TCGA-BH-A18G"
"DCHS2","11","DCHS2","17","0","5077","40","73","7","1,2,3,7,11,12,18,22,23,25,27,32,35,39,43,44,45,49,52,59,60,63,66,70,71,75,77,82,84,90,97,109,121,126,127,134,136,143,146,165,181,187,196,198,199,200","TCGA-OL-A5RW,TCGA-EW-A1PA,TCGA-AR-A0TS,TCGA-AR-A251,TCGA-BH-A0BP,TCGA-D8-A1Y3,TCGA-AR-A1AV"
"CDH23","12","CDH23","12","0","5077","38","75","7","1,2,3,7,11,12,18,22,23,25,27,32,35,39,43,44,45,49,52,59,60,63,66,70,71,75,77,82,84,90,97,109,121,126,127,134,136,143,146,165,181,187,196,198,199,200","TCGA-AC-A3YJ,TCGA-BH-A0AV,TCGA-B6-A0I1,TCGA-C8-A3M8,TCGA-A1-A0SI,TCGA-EW-A1P4,TCGA-A2-A4S1"
"PIK3R1","13","PIK3R1","13","0","5077","35","112","8","4,9,13,26,28,30,37,38,41,50,54,58,72,85,88,91,93,111,112,113,114,123,135,139,164,167,177,186,188,201,209,216,227,237","TCGA-D8-A1XQ,TCGA-BH-A18P,TCGA-AR-A24M,TCGA-E2-A14S,TCGA-A2-A4RX,TCGA-EW-A1J5,TCGA-BH-A18K,TCGA-C8-A12Z"
"ZNF208","14","ZNF208","17","0","5077","33","42","7","14,19,31,55,56,65,68,79,95,100,105,106,116,117,125,190,192","TCGA-D8-A1XQ,TCGA-D8-A1JT,TCGA-AC-A23H,TCGA-A7-A5ZV,TCGA-E9-A5FL,TCGA-E2-A1BC,TCGA-C8-A12Q"
"COL5A1","15","COL5A1","14","0","5077","32","39","9","4,6,8,9,15,20,21,28,30,34,38,42,46,64,93,99,101,104,113,114,142,145,150,173,207,216","TCGA-AR-A24S,TCGA-D8-A1JA,TCGA-BH-A0HL,TCGA-AC-A3OD,TCGA-E2-A56Z,TCGA-EW-A1PH,TCGA-BH-A18G,TCGA-C8-A27B,TCGA-A2-A3XV"
"RYR1","16","RYR1","26","0","5077","31","24","16","5,16,48,62,86,94,141,202,233","TCGA-GM-A5PX,TCGA-E2-A1LG,TCGA-D8-A27G,TCGA-E2-A1LL,TCGA-E2-A14W,TCGA-E9-A244,TCGA-EW-A1IZ,TCGA-C8-A12L,TCGA-B6-A409,TCGA-GM-A2D9,TCGA-BH-A18G,TCGA-D8-A13Y,TCGA-C8-A131,TCGA-D8-A1XK,TCGA-E2-A1L7,TCGA-AC-A5XU"
"DMD","17","DMD","38","0","5077","31","33","17","4,9,17,30,38,53,83,92,113,114,133,135,206,221","TCGA-A2-A3XU,TCGA-E9-A1RA,TCGA-E9-A295,TCGA-E9-A1N5,TCGA-E2-A14W,TCGA-E2-A154,TCGA-C8-A274,TCGA-OL-A5D8,TCGA-E9-A1N8,TCGA-C8-A1HM,TCGA-E9-A1RE,TCGA-E9-A1R5,TCGA-LL-A5YL,TCGA-AC-A23G,TCGA-PE-A5DE,TCGA-AC-A62X,TCGA-D8-A1XK"
"PCDHGB7","18","PCDHGB7","8","0","5077","29","73","2","1,2,3,7,11,12,18,22,23,25,27,32,35,39,43,44,45,49,52,59,60,63,66,70,71,75,77,82,84,90,97,109,121,126,127,134,136,143,146,165,181,187,196,198,199,200","TCGA-D8-A1JT,TCGA-A2-A04U"
"ZNF648","19","ZNF648","9","0","5077","27","42","6","14,19,31,55,56,65,68,79,95,100,105,106,116,117,125,190,192","TCGA-D8-A1J8,TCGA-GM-A5PX,TCGA-AR-A24S,TCGA-A2-A1FW,TCGA-A2-A3XV,TCGA-AC-A5XU"
"FLNC","20","FLNC","19","0","5077","27","59","8","4,6,8,9,15,20,21,28,30,33,34,36,38,42,46,61,64,78,87,93,99,101,104,108,113,114,122,142,145,150,159,185,207,216","TCGA-A7-A26E,TCGA-A2-A0CO,TCGA-C8-A12P,TCGA-AC-A3TN,TCGA-A7-A13D,TCGA-EW-A1IZ,TCGA-B6-A409,TCGA-GM-A3XL"
"COL6A1","21","COL6A1","7","0","5077","27","48","3","4,6,8,9,15,20,21,28,30,34,38,42,64,93,99,101,104,113,114,122,142,145,150,158,173,176,207,216","TCGA-E9-A54X,TCGA-OL-A5S0,TCGA-AC-A3W5"
"PCDHGB4","22","PCDHGB4","10","0","5077","26","73","4","1,2,3,7,11,12,18,22,23,25,27,32,35,39,43,44,45,49,52,59,60,63,66,70,71,75,77,82,84,90,97,109,121,126,127,134,136,143,146,165,181,187,196,198,199,200","TCGA-EW-A1PB,TCGA-D8-A1X8,TCGA-AR-A256,TCGA-BH-A1FU"
"PCDHA2","23","PCDHA2","10","0","5077","25","73","7","1,2,3,7,11,12,18,22,23,25,27,32,35,39,43,44,45,49,52,59,60,63,66,70,71,75,77,82,84,90,97,109,121,126,127,134,136,143,146,165,181,187,196,198,199,200","TCGA-E9-A1RG,TCGA-D8-A1JF,TCGA-BH-A18K,TCGA-E2-A56Z,TCGA-E9-A1N9,TCGA-BH-A5J0,TCGA-D8-A1JJ"
"CD247","24","CD247","4","0","5077","25","43","2","24,50,53,67,73,89,178,186,210","TCGA-E2-A574,TCGA-AC-A2FB"
"CELSR3","25","CELSR3","10","0","5077","24","77","4","1,2,3,7,11,12,18,22,23,25,27,32,35,39,43,44,45,49,52,59,60,63,66,70,71,75,77,82,84,90,97,109,121,126,127,134,136,143,146,165,171,181,187,196,198,199,200","TCGA-D8-A1XQ,TCGA-EW-A1P8,TCGA-E2-A14T,TCGA-GM-A3XL"
"RELN","26","RELN","15","0","5077","23","23","7","13,26,28,64,70,86,93,97,99,101,142,145,209,216","TCGA-D8-A27H,TCGA-E9-A1ND,TCGA-AR-A24Q,TCGA-D8-A1JA,TCGA-E2-A14W,TCGA-AR-A0TY,TCGA-D8-A13Y"
"PCDH11X","27","PCDH11X","12","0.00326797385620915","5077","22","73","3","1,2,3,7,11,12,18,22,23,25,27,32,35,39,43,44,45,49,52,59,60,63,66,70,71,75,77,82,84,90,97,109,121,126,127,134,136,143,146,165,181,187,196,198,199,200","TCGA-E2-A14S,TCGA-BH-A18V,TCGA-D8-A13Y"
"ITGB4","28","ITGB4","5","0.00326797385620915","5077","22","76","3","4,6,8,9,10,13,15,20,21,26,28,30,33,34,36,37,38,41,42,46,61,76,78,87,99,101,104,108,112,113,114,115,122,142,150,159,173,176,185,207,215,216","TCGA-A2-A3XY,TCGA-AO-A1KR,TCGA-BH-A18G"
"LRP1","29","LRP1","21","0.00326797385620915","5077","22","26","10","8,29,47,80,158,168,171,173,180,203,209,225","TCGA-E2-A1B0,TCGA-D8-A1XQ,TCGA-B6-A400,TCGA-GI-A2C9,TCGA-C8-A12P,TCGA-E2-A15J,TCGA-AQ-A54N,TCGA-A2-A1G4,TCGA-C8-A1HM,TCGA-D8-A13Z"
"ACTN2","30","ACTN2","12","0.00326797385620915","5077","21","81","6","4,6,8,9,13,15,17,20,21,28,30,33,34,35,36,38,42,46,61,64,78,87,92,93,99,101,104,108,113,114,122,127,135,142,145,150,159,185,206,207,216,221","TCGA-D8-A27P,TCGA-D8-A1J8,TCGA-BH-A0BG,TCGA-AR-A256,TCGA-BH-A0BP,TCGA-C8-A131"
"ZNF860","31","ZNF860","2","0.00326797385620915","5077","21","42","2","14,19,31,55,56,65,68,79,95,100,105,106,116,117,125,190,192","TCGA-E2-A1LG,TCGA-AC-A2QJ"
"SVEP1","32","SVEP1","13","0.0065359477124183","5077","20","73","7","1,2,3,7,11,12,18,22,23,25,27,32,35,39,43,44,45,49,52,59,60,63,66,70,71,75,77,82,84,90,97,109,121,126,127,134,136,143,146,165,181,187,196,198,199,200","TCGA-BH-A0HN,TCGA-E2-A1IN,TCGA-A2-A0CW,TCGA-AC-A3QP,TCGA-B6-A0RH,TCGA-BH-A0W7,TCGA-E2-A1LA"
"COL27A1","33","COL27A1","7","0.0065359477124183","5077","19","29","3","4,6,8,9,20,28,30,33,38,64,93,99,101,113,114,142,145,150,173,207,216","TCGA-OL-A5RW,TCGA-E9-A5UO,TCGA-C8-A1HF"
"COL8A1","34","COL8A1","6","0.0065359477124183","5077","19","35","1","4,6,8,9,15,20,21,28,30,34,38,42,64,93,99,101,113,114,142,145,150,173,207,216","TCGA-E9-A54Y"
"CTNNA2","35","CTNNA2","8","0.0065359477124183","5077","18","85","4","1,2,3,7,11,12,18,22,23,25,27,30,32,35,39,43,44,45,49,52,59,60,63,66,70,71,75,77,82,84,90,97,109,121,126,134,135,136,143,146,165,181,187,196,198,199,200","TCGA-AO-A1KR,TCGA-E9-A1R0,TCGA-D8-A1JK,TCGA-AR-A5QN"
"COL4A5","36","COL4A5","9","0.0065359477124183","5077","18","37","6","4,6,8,9,20,28,30,36,38,64,93,99,101,108,113,114,142,145,150,173,195,207,216","TCGA-D8-A1XQ,TCGA-E9-A1QZ,TCGA-A7-A3RF,TCGA-C8-A12M,TCGA-EW-A3U0,TCGA-BH-A18G"
"PRKCB","37","PRKCB","7","0.0065359477124183","5077","17","63","5","13,28,37,40,41,53,54,58,64,67,72,86,88,91,93,94,107,112,133,135,138,145,164,183,186,188,189,228,234","TCGA-AC-A23H,TCGA-E9-A1R7,TCGA-D8-A1JN,TCGA-A2-A4S3,TCGA-BH-A5J0"
"LAMA2","38","LAMA2","12","0.0065359477124183","5077","17","72","5","6,8,9,10,13,15,17,20,21,28,30,33,34,36,38,41,42,46,61,64,78,83,87,93,99,101,104,108,112,114,122,133,135,142,145,150,159,173,185,207,216","TCGA-BH-A18S,TCGA-BH-A1F8,TCGA-D8-A13Z,TCGA-AC-A5EH,TCGA-D8-A1XK"
"CELSR2","39","CELSR2","18","0.0065359477124183","5077","17","77","4","1,2,3,7,11,12,18,22,23,25,27,32,35,39,43,44,45,49,52,59,60,63,66,70,71,75,77,82,84,90,97,109,121,126,127,134,136,143,146,165,171,181,187,196,198,199,200","TCGA-AR-A251,TCGA-AC-A2FM,TCGA-A2-A0T3,TCGA-EW-A1P5"
"MAP3K1","40","MAP3K1","63","0.0065359477124183","5077","16","23","12","10,37,40,93,179,237","TCGA-B6-A1KI,TCGA-D8-A1X6,TCGA-E2-A15C,TCGA-A7-A4SB,TCGA-E9-A1N4,TCGA-BH-A18N,TCGA-C8-A3M8,TCGA-BH-A18G,TCGA-A2-A259,TCGA-E9-A1N9,TCGA-E2-A156,TCGA-A2-A3Y0"
"EGFR","41","EGFR","5","0.00980392156862745","5077","14","85","4","1,4,9,10,13,28,37,38,41,51,53,54,67,76,91,103,107,111,112,113,114,115,140,167,173,177,186,188,191,216,226,227,237","TCGA-D8-A27F,TCGA-D8-A1JF,TCGA-AC-A23H,TCGA-A2-A4S3"
"COL12A1","42","COL12A1","17","0.00980392156862745","5077","14","35","7","4,6,8,9,15,20,21,28,30,34,38,42,64,93,99,101,113,114,142,145,150,158,173,207,216","TCGA-BH-A1FC,TCGA-AR-A1AI,TCGA-OL-A5RZ,TCGA-C8-A12Q,TCGA-D8-A1JG,TCGA-D8-A1XJ,TCGA-A2-A3Y0"
"PCDHB11","43","PCDHB11","7","0.00980392156862745","5077","14","74","6","1,2,3,7,11,12,18,22,23,25,27,32,35,39,43,44,45,49,52,53,59,60,63,66,70,71,75,77,82,84,90,97,109,121,126,127,134,136,143,146,165,181,187,196,198,199,200","TCGA-EW-A1P0,TCGA-AR-A24S,TCGA-D8-A1Y0,TCGA-AR-A5QQ,TCGA-EW-A1OV,TCGA-AO-A03V"
"FAT1","44","FAT1","15","0.00980392156862745","5077","14","73","5","1,2,3,7,11,12,18,22,23,25,27,32,35,39,43,44,45,49,52,59,60,63,66,70,71,75,77,82,84,90,97,109,121,126,127,134,136,143,146,165,181,187,196,198,199,200","TCGA-D8-A1JB,TCGA-A7-A5ZW,TCGA-LL-A5YO,TCGA-BH-A0DX,TCGA-BH-A1F8"
"PCDHGA3","45","PCDHGA3","9","0.00980392156862745","5077","14","73","5","1,2,3,7,11,12,18,22,23,25,27,32,35,39,43,44,45,49,52,59,60,63,66,70,71,75,77,82,84,90,97,109,121,126,127,134,136,143,146,165,181,187,196,198,199,200","TCGA-E9-A228,TCGA-AQ-A1H3,TCGA-E2-A152,TCGA-D8-A1XV,TCGA-E9-A226"
"COL5A2","46","COL5A2","5","0.00980392156862745","5077","14","32","2","4,6,8,9,15,20,28,30,38,46,64,93,99,101,113,114,142,145,150,173,207,216","TCGA-A7-A0DA,TCGA-E2-A158"
"GLI2","47","GLI2","9","0.00980392156862745","5077","14","48","6","29,47,80,124,180,217","TCGA-D8-A1XG,TCGA-D8-A1JA,TCGA-AC-A23H,TCGA-E2-A15I,TCGA-A2-A1FW,TCGA-BH-A203"
"RYR3","48","RYR3","44","0.00980392156862745","5077","14","23","10","5,16,48,62,86,94,141,202,233","TCGA-AQ-A0Y5,TCGA-D8-A1XQ,TCGA-GI-A2C8,TCGA-C8-A3M7,TCGA-E2-A1IH,TCGA-AO-A1KO,TCGA-AR-A24H,TCGA-BH-A209,TCGA-C8-A12Y,TCGA-B6-A2IU"
"PCDHB2","49","PCDHB2","8","0.0163398692810458","5077","13","73","4","1,2,3,7,11,12,18,22,23,25,27,32,35,39,43,44,45,49,52,59,60,63,66,70,71,75,77,82,84,90,97,109,121,126,127,134,136,143,146,165,181,187,196,198,199,200","TCGA-AR-A255,TCGA-EW-A1IZ,TCGA-A7-A5ZV,TCGA-AC-A5EH"
"ZAP70","50","ZAP70","3","0.0163398692810458","5077","13","37","1","13,24,50,67,73,89,186,227","TCGA-E9-A1RC"
"FOS","51","FOS","2","0.0163398692810458","5077","13","46","2","41,51,53,67,91,103,112,177,179,191,204,226,237","TCGA-D8-A1X9,TCGA-AC-A2BK"
"PCDHGA1","52","PCDHGA1","13","0.0163398692810458","5077","13","73","4","1,2,3,7,11,12,18,22,23,25,27,32,35,39,43,44,45,49,52,59,60,63,66,70,71,75,77,82,84,90,97,109,121,126,127,134,136,143,146,165,181,187,196,198,199,200","TCGA-BH-A18Q,TCGA-AR-A1AI,TCGA-BH-A18I,TCGA-A2-A25B"
"JUN","53","JUN","2","0.0163398692810458","5077","13","112","2","17,24,37,41,43,51,53,67,91,96,103,111,112,113,115,148,159,168,177,191,204,226,237","TCGA-C8-A26Y,TCGA-D8-A1JJ"
"ERBB4","54","ERBB4","9","0.0228758169934641","5077","12","24","5","10,13,37,41,54,67,76,91,107,112","TCGA-AQ-A54O,TCGA-E2-A150,TCGA-AN-A0AT,TCGA-A2-A3XT,TCGA-D8-A1XK"
"ZNF334","55","ZNF334","7","0.0228758169934641","5077","12","42","4","14,19,31,55,56,65,68,79,95,100,105,106,116,117,125,190,192","TCGA-E9-A54X,TCGA-A2-A0CR,TCGA-C8-A26Y,TCGA-C8-A1HM"
"ZNF99","56","ZNF99","8","0.0228758169934641","5077","12","42","3","14,19,31,55,56,65,68,79,95,100,105,106,116,117,125,190,192","TCGA-HN-A2NL,TCGA-E9-A22G,TCGA-D8-A1JG"
"GLI3","57","GLI3","8","0.0228758169934641","5077","12","47","5","57,180,217","TCGA-D8-A1XQ,TCGA-D8-A142,TCGA-GM-A2DO,TCGA-BH-A2L8,TCGA-BH-A203"
"JAK3","58","JAK3","9","0.0294117647058824","5077","11","47","4","13,37,58,67,89,91,120,123,139,178,179,186","TCGA-D8-A27G,TCGA-E2-A15J,TCGA-EW-A1P4,TCGA-A2-A1FW"
"PCDHB16","59","PCDHB16","7","0.0294117647058824","5077","11","73","2","1,2,3,7,11,12,18,22,23,25,27,32,35,39,43,44,45,49,52,59,60,63,66,70,71,75,77,82,84,90,97,109,121,126,127,134,136,143,146,165,181,187,196,198,199,200","TCGA-AQ-A54O,TCGA-D8-A1XW"
"PCDHA13","60","PCDHA13","7","0.042483660130719","5077","10","73","3","1,2,3,7,11,12,18,22,23,25,27,32,35,39,43,44,45,49,52,59,60,63,66,70,71,75,77,82,84,90,97,109,121,126,127,134,136,143,146,165,181,187,196,198,199,200","TCGA-D8-A143,TCGA-OL-A66I,TCGA-AR-A1AR"
"COL14A1","61","COL14A1","9","0.042483660130719","5077","10","32","5","4,6,8,9,20,28,30,38,61,64,93,99,101,113,114,142,145,150,173,207,216","TCGA-BH-A0EA,TCGA-D8-A1XL,TCGA-E9-A22E,TCGA-A7-A26F,TCGA-A2-A3Y0"
"CACNA1B","62","CACNA1B","13","0.042483660130719","5077","10","8","6","5,16,48,62,118,220","TCGA-E2-A150,TCGA-AR-A0TS,TCGA-D8-A142,TCGA-AN-A0AT,TCGA-BH-A18G,TCGA-AR-A24N"
"PCDHA9","63","PCDHA9","7","0.042483660130719","5077","10","73","4","1,2,3,7,11,12,18,22,23,25,27,32,35,39,43,44,45,49,52,59,60,63,66,70,71,75,77,82,84,90,97,109,121,126,127,134,136,143,146,165,181,187,196,198,199,200","TCGA-E9-A2JS,TCGA-A7-A26H,TCGA-AR-A1AH,TCGA-OL-A5D6"
"ITGB6","64","ITGB6","7","0.042483660130719","5077","10","69","3","4,6,8,9,10,15,20,21,26,30,33,34,36,37,38,42,46,61,64,76,78,87,99,101,104,108,113,114,115,122,142,150,159,173,176,185,207,216","TCGA-D8-A1XQ,TCGA-E9-A3Q9,TCGA-A2-A4S1"
"ZNF229","65","ZNF229","3","0.042483660130719","5077","10","42","2","14,19,31,55,56,65,68,79,95,100,105,106,116,117,125,190,192","TCGA-AC-A3YJ,TCGA-AO-A1KR"
"CDH8","66","CDH8","12","0.042483660130719","5077","10","73","5","1,2,3,7,11,12,18,22,23,25,27,32,35,39,43,44,45,49,52,59,60,63,66,70,71,75,77,82,84,90,97,109,121,126,127,134,136,143,146,165,181,187,196,198,199,200","TCGA-C8-A26W,TCGA-BH-A1FL,TCGA-BH-A18N,TCGA-BH-A0DI,TCGA-GM-A2D9"
"STAT4","67","STAT4","7","0.042483660130719","5077","10","43","4","10,24,37,41,50,51,53,54,58,67,76,91,107,139,178,237","TCGA-B6-A1KN,TCGA-A7-A0DA,TCGA-B6-A0X0,TCGA-E2-A158"
"ZNF671","68","ZNF671","2","0.042483660130719","5077","10","42","1","14,19,31,55,56,65,68,79,95,100,105,106,116,117,125,190,192","TCGA-E9-A1RG"
"GRK7","69","GRK7","5","0.042483660130719","5077","10","34","3","69,133,157,162","TCGA-E2-A1LK,TCGA-AR-A2LE,TCGA-C8-A27B"
"PCDHA4","70","PCDHA4","7","0.0588235294117647","5077","9","75","3","1,2,3,7,11,12,18,22,23,25,26,27,32,35,39,43,44,45,49,52,59,60,63,66,70,71,75,77,82,84,90,97,109,121,126,127,134,136,143,146,165,181,187,196,198,199,200","TCGA-BH-A0AU,TCGA-AO-A1KP,TCGA-OL-A5RZ"
"PCDHGA5","71","PCDHGA5","4","0.0588235294117647","5077","9","73","2","1,2,3,7,11,12,18,22,23,25,27,32,35,39,43,44,45,49,52,59,60,63,66,70,71,75,77,82,84,90,97,109,121,126,127,134,136,143,146,165,181,187,196,198,199,200","TCGA-E9-A24A,TCGA-E2-A158"
"PLCE1","72","PLCE1","9","0.0588235294117647","5077","9","17","4","10,13,37,72,76,107","TCGA-A1-A0SN,TCGA-E2-A14W,TCGA-BH-A5IZ,TCGA-E2-A158"
"HLA-DQB1","73","HLA-DQB1","3","0.0588235294117647","5077","9","30","2","24,50,73,89,156,186,210","TCGA-OL-A5RW,TCGA-BH-A0BS"
"ACAN","74","ACAN","7","0.0588235294117647","5077","9","12","4","74,158","TCGA-E2-A1LG,TCGA-E9-A54X,TCGA-AC-A23H,TCGA-E9-A1R7"
"CELSR1","75","CELSR1","9","0.0588235294117647","5077","9","77","4","1,2,3,7,11,12,18,22,23,25,27,32,35,39,43,44,45,49,52,59,60,63,66,70,71,75,77,82,84,90,97,109,121,126,127,134,136,143,146,165,171,181,187,196,198,199,200","TCGA-A7-A26E,TCGA-A2-A4RW,TCGA-B6-A0I1,TCGA-E9-A3QA"
"PRKCG","76","PRKCG","5","0.0588235294117647","5077","9","49","3","28,41,54,64,67,72,76,86,88,91,93,94,107,133,135,138,145,155,164,188,189,234","TCGA-C8-A12X,TCGA-A2-A0CO,TCGA-AR-A2LE"
"CDH26","77","CDH26","8","0.0588235294117647","5077","9","73","2","1,2,3,7,11,12,18,22,23,25,27,32,35,39,43,44,45,49,52,59,60,63,66,70,71,75,77,82,84,90,97,109,121,126,127,134,136,143,146,165,181,187,196,198,199,200","TCGA-D8-A1J8,TCGA-BH-A18L"
"COL16A1","78","COL16A1","4","0.0588235294117647","5077","9","29","3","4,6,8,9,20,28,30,38,64,78,93,99,101,113,114,142,145,150,173,207,216","TCGA-B6-A400,TCGA-BH-A0HN,TCGA-D8-A13Y"
"ZNF502","79","ZNF502","2","0.0588235294117647","5077","9","42","2","14,19,31,55,56,65,68,79,95,100,105,106,116,117,125,190,192","TCGA-BH-A1F8,TCGA-LL-A5YL"
"LRP2","80","LRP2","23","0.0816993464052288","5077","8","12","6","29,47,80,98,209","TCGA-JL-A3YW,TCGA-GM-A3NY,TCGA-B6-A0X0,TCGA-A2-A0CW,TCGA-AR-A1AH,TCGA-BH-A18G"
"CALML3","81","CALML3","1","0.0816993464052288","5077","8","27","1","81,86,88,129,188,228","TCGA-E2-A574"
"PCDHA12","82","PCDHA12","7","0.0816993464052288","5077","8","73","3","1,2,3,7,11,12,18,22,23,25,27,32,35,39,43,44,45,49,52,59,60,63,66,70,71,75,77,82,84,90,97,109,121,126,127,134,136,143,146,165,181,187,196,198,199,200","TCGA-A2-A25D,TCGA-A2-A0CV,TCGA-AR-A24H"
"PAK7","83","PAK7","5","0.0816993464052288","5077","8","15","3","4,9,17,38,83,113,114,133,135","TCGA-D8-A1XQ,TCGA-EW-A1OX,TCGA-D8-A13Y"
"PCDHA5","84","PCDHA5","6","0.0816993464052288","5077","8","73","2","1,2,3,7,11,12,18,22,23,25,27,32,35,39,43,44,45,49,52,59,60,63,66,70,71,75,77,82,84,90,97,109,121,126,127,134,136,143,146,165,181,187,196,198,199,200","TCGA-AO-A12D,TCGA-AC-A5XU"
"NTRK2","85","NTRK2","9","0.0816993464052288","5077","8","15","5","13,85","TCGA-D8-A1J8,TCGA-D8-A1JA,TCGA-AC-A2BM,TCGA-E2-A1LS,TCGA-A1-A0SQ"
"GRIN2A","86","GRIN2A","13","0.0816993464052288","5077","8","30","5","5,10,16,26,37,48,76,81,86,110,161,174,194,211,228","TCGA-D8-A140,TCGA-BH-A2L8,TCGA-AC-A23H,TCGA-BH-A18G,TCGA-PE-A5DE"
"COL7A1","87","COL7A1","8","0.0816993464052288","5077","8","29","3","4,6,8,9,20,28,30,38,64,87,93,99,101,113,114,142,145,150,173,207,216","TCGA-EW-A1PB,TCGA-AQ-A1H3,TCGA-LL-A50Y"
"PLCB4","88","PLCB4","10","0.0816993464052288","5077","8","29","4","10,13,37,76,81,88,107,149,152,171,194,228","TCGA-EW-A1PC,TCGA-BH-A1FH,TCGA-E9-A248,TCGA-A2-A3XW"
"PTPRC","89","PTPRC","9","0.0816993464052288","5077","8","37","3","24,50,58,73,89,120,123,186,207","TCGA-E2-A1IN,TCGA-D8-A1JA,TCGA-E9-A1R4"
"CDH11","90","CDH11","2","0.0816993464052288","5077","8","73","2","1,2,3,7,11,12,18,22,23,25,27,32,35,39,43,44,45,49,52,59,60,63,66,70,71,75,77,82,84,90,97,109,121,126,127,134,136,143,146,165,181,187,196,198,199,200","TCGA-E2-A1B1,TCGA-E2-A14R"
"STAT1","91","STAT1","4","0.0816993464052288","5077","8","56","3","10,13,37,41,51,53,54,58,67,76,91,107,112,138,139,169,178,186,228,234,237","TCGA-D8-A1J8,TCGA-A7-A3IZ,TCGA-AC-A23H"
"MYBPC3","92","MYBPC3","6","0.0816993464052288","5077","8","13","2","17,30,92,206,221","TCGA-D8-A27G,TCGA-AC-A2BK"
"ITGB3","93","ITGB3","3","0.0816993464052288","5077","8","84","2","4,6,8,9,10,13,15,20,21,26,30,33,34,36,37,38,40,42,46,61,76,78,87,93,99,101,104,108,113,114,115,122,123,142,150,159,173,176,185,207,216","TCGA-B6-A0X0,TCGA-AR-A24H"
"CACNA1A","94","CACNA1A","14","0.0816993464052288","5077","8","13","6","5,10,16,37,48,76,94,118,220","TCGA-BH-A1FM,TCGA-E9-A5FK,TCGA-AR-A24Q,TCGA-D8-A1JS,TCGA-BH-A18G,TCGA-A2-A0EP"
"ZNF492","95","ZNF492","2","0.104575163398693","5077","7","42","2","14,19,31,55,56,65,68,79,95,100,105,106,116,117,125,190,192","TCGA-D8-A1JA,TCGA-E2-A15O"
"CNTN1","96","CNTN1","10","0.104575163398693","5077","7","15","3","53,96,115,172,182,191,235,236","TCGA-D8-A1JA,TCGA-BH-A18G,TCGA-C8-A133"
"PCDHA6","97","PCDHA6","4","0.104575163398693","5077","7","74","2","1,2,3,7,11,12,18,22,23,25,26,27,32,35,39,43,44,45,49,52,59,60,63,66,70,71,75,77,82,84,90,97,109,121,126,127,134,136,143,146,165,181,187,196,198,199,200","TCGA-A1-A0SD,TCGA-A2-A3Y0"
"APOB","98","APOB","24","0.104575163398693","5077","7","12","6","8,80,98","TCGA-C8-A26W,TCGA-D8-A27G,TCGA-A7-A3RF,TCGA-EW-A1IZ,TCGA-D8-A1JK,TCGA-C8-A133"
"ITGA10","99","ITGA10","6","0.104575163398693","5077","7","62","3","4,6,9,15,20,21,26,28,30,33,34,36,38,42,46,61,64,78,87,93,99,104,108,113,114,115,122,142,145,159,173,176,185","TCGA-AR-A1AR,TCGA-E2-A14W,TCGA-BH-A18V"
"ZNF300","100","ZNF300","4","0.104575163398693","5077","7","42","2","14,19,31,55,56,65,68,79,95,100,105,106,116,117,125,190,192","TCGA-BH-A18G,TCGA-PE-A5DE"
"ITGA2","101","ITGA2","3","0.104575163398693","5077","7","64","3","4,6,9,15,20,21,26,28,30,33,34,36,38,42,46,61,64,78,87,93,101,104,108,113,114,115,122,142,145,159,173,176,185","TCGA-D8-A27G,TCGA-A7-A3IZ,TCGA-E2-A152"
"CENPF","102","CENPF","9","0.104575163398693","5077","7","23","2","102,119","TCGA-AR-A1AR,TCGA-D8-A1JA"
"E2F1","103","E2F1","5","0.104575163398693","5077","7","27","1","41,51,53,103,112,168,177,226,237","TCGA-D8-A1JS"
"COL5A3","104","COL5A3","5","0.104575163398693","5077","7","34","4","4,6,8,9,15,20,21,28,30,38,64,93,99,101,104,113,114,122,142,145,150,173,207,216","TCGA-D8-A1JP,TCGA-EW-A1J6,TCGA-EW-A1OV,TCGA-E9-A1NF"
"ZNF573","105","ZNF573","4","0.104575163398693","5077","7","42","1","14,19,31,55,56,65,68,79,95,100,105,106,116,117,125,190,192","TCGA-D8-A1XK"
"ZNF678","106","ZNF678","1","0.104575163398693","5077","7","42","1","14,19,31,55,56,65,68,79,95,100,105,106,116,117,125,190,192","TCGA-EW-A1PB"
"PIK3C2G","107","PIK3C2G","4","0.140522875816993","5077","6","25","2","10,37,41,54,67,72,76,88,91,107,188","TCGA-E2-A1IK,TCGA-AC-A2QJ"
"COL4A6","108","COL4A6","8","0.140522875816993","5077","6","38","4","4,6,8,9,20,28,30,36,38,64,93,99,101,108,113,114,142,145,150,173,195,207,216","TCGA-E2-A2P6,TCGA-BH-A1F2,TCGA-A2-A3Y0,TCGA-C8-A1HN"
"PCDHGB1","109","PCDHGB1","9","0.140522875816993","5077","6","73","2","1,2,3,7,11,12,18,22,23,25,27,32,35,39,43,44,45,49,52,59,60,63,66,70,71,75,77,82,84,90,97,109,121,126,127,134,136,143,146,165,181,187,196,198,199,200","TCGA-AQ-A0Y5,TCGA-E2-A14Q"
"GRIA1","110","GRIA1","9","0.140522875816993","5077","6","16","4","86,110,161,228","TCGA-AR-A251,TCGA-D8-A1Y3,TCGA-A7-A5ZV,TCGA-AO-A12A"
"AR","111","AR","7","0.140522875816993","5077","6","38","3","13,41,53,111,139,152,155,167,173,177,191","TCGA-GM-A3NW,TCGA-OL-A66K,TCGA-BH-A2L8"
"EGF","112","EGF","4","0.140522875816993","5077","6","43","3","4,9,10,13,28,37,38,41,51,53,54,91,103,112,113,114,115,140,164,173,186,188,216,226,227,237","TCGA-AC-A3W5,TCGA-AC-A23H,TCGA-AR-A24K"
"LAMA3","113","LAMA3","11","0.140522875816993","5077","6","73","2","6,8,9,10,13,15,17,20,21,28,30,33,34,36,41,42,46,53,61,64,78,83,87,93,99,101,104,108,112,113,114,122,133,135,142,145,150,159,173,185,207,216","TCGA-A2-A04U,TCGA-AR-A0TY"
"LAMB3","114","LAMB3","4","0.140522875816993","5077","6","74","4","4,6,8,9,10,13,15,17,20,21,28,30,33,34,36,38,41,42,46,61,64,78,83,87,93,99,101,104,108,112,113,114,122,133,135,142,145,150,159,173,185,207,216","TCGA-BH-A18P,TCGA-E2-A1L8,TCGA-B6-A40C,TCGA-A2-A25A"
"TNC","115","TNC","7","0.140522875816993","5077","6","26","3","6,28,41,53,64,93,96,99,101,112,115,137,142,145,158,172,182,216","TCGA-JL-A3YW,TCGA-C8-A1HG,TCGA-AC-A5EH"
"ZNF214","116","ZNF214","2","0.140522875816993","5077","6","42","1","14,19,31,55,56,65,68,79,95,100,105,106,116,117,125,190,192","TCGA-AR-A1AH"
"ZNF556","117","ZNF556","1","0.140522875816993","5077","6","42","1","14,19,31,55,56,65,68,79,95,100,105,106,116,117,125,190,192","TCGA-AR-A0TY"
"RASGRP2","118","RASGRP2","5","0.140522875816993","5077","6","17","3","62,94,118,141,202,233","TCGA-E2-A14R,TCGA-OL-A5RZ,TCGA-GM-A3XL"
"CENPE","119","CENPE","18","0.140522875816993","5077","6","26","2","102,119","TCGA-A2-A4RW,TCGA-C8-A1HM"
"PTPN7","120","PTPN7","4","0.140522875816993","5077","6","24","2","58,89,120,123,135","TCGA-OL-A5D7,TCGA-E2-A158"
"PCDHGA7","121","PCDHGA7","9","0.140522875816993","5077","6","73","3","1,2,3,7,11,12,18,22,23,25,27,32,35,39,43,44,45,49,52,59,60,63,66,70,71,75,77,82,84,90,97,109,121,126,127,134,136,143,146,165,181,187,196,198,199,200","TCGA-EW-A1OY,TCGA-E2-A154,TCGA-E9-A1R2"
"COL1A2","122","COL1A2","9","0.140522875816993","5077","6","44","5","4,6,8,9,20,21,28,30,38,64,93,99,101,104,113,114,122,142,145,150,159,173,207,216","TCGA-GM-A2DH,TCGA-AR-A1AI,TCGA-BH-A0BZ,TCGA-E9-A1R5,TCGA-A2-A1FW"
"IRS1","123","IRS1","4","0.140522875816993","5077","6","40","4","1,6,13,58,89,93,120,123,139,173,178,186","TCGA-C8-A12K,TCGA-AC-A23H,TCGA-D8-A1JN,TCGA-E9-A1N9"
"OBSCN","124","OBSCN","40","0.140522875816993","5077","6","5","6","47,124,180","TCGA-OL-A5RW,TCGA-D8-A143,TCGA-GM-A2DM,TCGA-BH-A1F8,TCGA-BH-A18G,TCGA-C8-A1HK"
"ZNF391","125","ZNF391","2","0.140522875816993","5077","6","42","2","14,19,31,55,56,65,68,79,95,100,105,106,116,117,125,190,192","TCGA-BH-A18L,TCGA-E9-A1R4"
"CDH12","126","CDH12","7","0.140522875816993","5077","6","73","2","1,2,3,7,11,12,18,22,23,25,27,32,35,39,43,44,45,49,52,59,60,63,66,70,71,75,77,82,84,90,97,109,121,126,127,134,136,143,146,165,181,187,196,198,199,200","TCGA-C8-A12U,TCGA-D8-A142"
"CTNNA3","127","CTNNA3","7","0.140522875816993","5077","6","85","3","1,2,3,7,11,12,18,22,23,25,27,30,32,39,43,44,45,49,52,59,60,63,66,70,71,75,77,82,84,90,97,109,121,126,127,134,135,136,143,146,165,181,187,196,198,199,200","TCGA-A7-A0DA,TCGA-AR-A251,TCGA-D8-A4Z1"
"PLXNB3","128","PLXNB3","10","0.140522875816993","5077","6","7","5","128","TCGA-OL-A5RW,TCGA-AC-A23H,TCGA-BH-A0BW,TCGA-BH-A1F5,TCGA-D8-A27M"
"CNGB1","129","CNGB1","4","0.140522875816993","5077","6","12","3","81,129,194,218","TCGA-E2-A1LG,TCGA-AC-A23H,TCGA-D8-A1XF"
"KCNJ3","130","KCNJ3","2","0.218954248366013","5077","5","24","2","130,133,162,170","TCGA-GI-A2C9,TCGA-C8-A1HN"
"ROBO2","131","ROBO2","8","0.218954248366013","5077","5","6","3","131","TCGA-D8-A1JA,TCGA-E2-A574,TCGA-E2-A1LS"
"ADCY5","132","ADCY5","8","0.218954248366013","5077","5","9","3","10,132,152,230","TCGA-D8-A27F,TCGA-E9-A1RH,TCGA-A7-A13D"
"CHRM1","133","CHRM1","2","0.218954248366013","5077","5","29","2","4,9,10,17,37,38,69,76,83,113,114,130,133,135,149,152,170,188","TCGA-BH-A0BG,TCGA-AC-A23H"
"PCDHA1","134","PCDHA1","7","0.218954248366013","5077","5","73","3","1,2,3,7,11,12,18,22,23,25,27,32,35,39,43,44,45,49,52,59,60,63,66,70,71,75,77,82,84,90,97,109,121,126,127,134,136,143,146,165,181,187,196,198,199,200","TCGA-E2-A15E,TCGA-D8-A1JE,TCGA-E9-A244"
"ACTA1","135","ACTA1","4","0.218954248366013","5077","5","49","3","1,4,9,10,13,17,30,35,37,38,76,83,113,114,120,127,133,135,187,231","TCGA-BH-A1ET,TCGA-A7-A4SF,TCGA-AC-A2B8"
"CDH7","136","CDH7","4","0.218954248366013","5077","5","73","2","1,2,3,7,11,12,18,22,23,25,27,32,35,39,43,44,45,49,52,59,60,63,66,70,71,75,77,82,84,90,97,109,121,126,127,134,136,143,146,165,181,187,196,198,199,200","TCGA-OL-A5D8,TCGA-D8-A1JL"
"MMRN1","137","MMRN1","8","0.218954248366013","5077","5","6","4","115,137","TCGA-E9-A1RH,TCGA-BH-A18G,TCGA-D8-A13Y,TCGA-D8-A1XK"
"FGFR3","138","FGFR3","1","0.218954248366013","5077","5","26","1","10,37,76,91,138,164,213,234","TCGA-A7-A5ZV"
"IL6ST","139","IL6ST","4","0.218954248366013","5077","5","43","3","13,58,67,91,111,123,139,178","TCGA-GI-A2C8,TCGA-AR-A251,TCGA-D8-A1JL"
"SH3GL2","140","SH3GL2","3","0.218954248366013","5077","5","9","2","41,112,140","TCGA-E2-A14N,TCGA-BH-A1FC"
"CACNA1D","141","CACNA1D","10","0.218954248366013","5077","5","9","3","5,16,48,118,141,220","TCGA-E2-A1LK,TCGA-BH-A0DO,TCGA-D8-A1XK"
"ITGA8","142","ITGA8","5","0.218954248366013","5077","5","71","3","4,6,8,9,15,20,21,26,28,30,33,34,36,38,42,46,61,64,78,87,93,99,101,104,108,113,114,115,122,142,145,150,159,173,176,185,207,216","TCGA-E9-A1N4,TCGA-D8-A1JA,TCGA-E2-A2P5"
"PCDHA3","143","PCDHA3","7","0.218954248366013","5077","5","73","1","1,2,3,7,11,12,18,22,23,25,27,32,35,39,43,44,45,49,52,59,60,63,66,70,71,75,77,82,84,90,97,109,121,126,127,134,136,143,146,165,181,187,196,198,199,200","TCGA-E2-A15O"
"ACVR1C","144","ACVR1C","4","0.218954248366013","5077","5","22","2","144","TCGA-E2-A150,TCGA-GI-A2C9"
"ITGB8","145","ITGB8","4","0.218954248366013","5077","5","69","2","4,6,8,9,10,15,20,21,26,30,33,34,36,37,38,42,46,61,76,78,87,99,101,104,108,113,114,115,122,142,145,150,159,173,176,185,207,216","TCGA-BH-A1F0,TCGA-E9-A1NH"
"PCDHGA2","146","PCDHGA2","10","0.218954248366013","5077","5","73","3","1,2,3,7,11,12,18,22,23,25,27,32,35,39,43,44,45,49,52,59,60,63,66,70,71,75,77,82,84,90,97,109,121,126,127,134,136,143,146,165,181,187,196,198,199,200","TCGA-B6-A1KI,TCGA-E2-A14P,TCGA-AQ-A1H2"
"OASL","147","OASL","5","0.218954248366013","5077","5","3","2","147","TCGA-C8-A12X,TCGA-C8-A1HM"
"SELL","148","SELL","5","0.218954248366013","5077","5","17","2","53,148,158,207","TCGA-OL-A5RW,TCGA-AR-A0TS"
"GNA14","149","GNA14","3","0.218954248366013","5077","5","55","2","88,133,149,157,171,177,188","TCGA-D8-A1JP,TCGA-D8-A1Y1"
"ITGAD","150","ITGAD","2","0.218954248366013","5077","5","53","1","4,6,9,15,20,21,28,30,33,34,36,38,42,46,61,64,78,87,93,104,108,113,114,122,142,145,150,159,173,185","TCGA-AN-A0AT"
"AMHR2","151","AMHR2","2","0.218954248366013","5077","5","22","2","151","TCGA-D8-A1XQ,TCGA-D8-A1XC"
"GNAO1","152","GNAO1","1","0.218954248366013","5077","5","94","1","88,111,132,133,152,162,169,171,177,180,184,188,230","TCGA-C8-A1HK"
"ABCB11","153","ABCB11","9","0.218954248366013","5077","5","2","4","153","TCGA-AR-A24U,TCGA-D8-A142,TCGA-A7-A4SF,TCGA-D8-A1JA"
"PDE3A","154","PDE3A","9","0.218954248366013","5077","5","5","2","154","TCGA-LL-A5YL,TCGA-A2-A3XV"
"RXRG","155","RXRG","5","0.218954248366013","5077","5","35","2","10,76,111,155,232","TCGA-GM-A2DF,TCGA-D8-A1JA"
"HLA-J","156","HLA-J","8","0.218954248366013","5077","5","5","2","73,156,210","TCGA-A2-A04W,TCGA-PE-A5DE"
"ADRA1A","157","ADRA1A","7","0.218954248366013","5077","5","8","3","69,149,157","TCGA-AQ-A54N,TCGA-E9-A1RE,TCGA-PE-A5DE"
"VCAN","158","VCAN","13","0.218954248366013","5077","5","20","4","8,21,29,42,74,115,148,158","TCGA-A7-A3RF,TCGA-E2-A2P6,TCGA-E9-A1NF,TCGA-AR-A1AV"
"COL1A1","159","COL1A1","8","0.218954248366013","5077","5","44","3","4,6,8,9,20,28,30,38,53,64,93,99,101,113,114,122,142,145,150,159,173,207,216","TCGA-C8-A135,TCGA-E2-A14O,TCGA-AC-A23H"
"TTK","160","TTK","2","0.218954248366013","5077","5","6","2","160","TCGA-A2-A0CV,TCGA-D8-A13Y"
"GRIK1","161","GRIK1","8","0.218954248366013","5077","5","13","3","86,110,161,174,211","TCGA-BH-A18L,TCGA-AR-A1AV,TCGA-AQ-A1H2"
"GRM8","162","GRM8","5","0.218954248366013","5077","5","11","4","69,130,152,162,170","TCGA-A1-A0SN,TCGA-E9-A2JS,TCGA-BH-A18G,TCGA-D8-A1JL"
"ANK2","163","ANK2","27","0.218954248366013","5077","5","6","3","163,236","TCGA-D8-A1XQ,TCGA-BH-A0HN,TCGA-BH-A18G"
"FGFR2","164","FGFR2","10","0.218954248366013","5077","5","28","3","10,13,37,76,112,138,164,213,234","TCGA-GI-A2C8,TCGA-D8-A1JA,TCGA-D8-A1XL"
"PCDHB7","165","PCDHB7","12","0.218954248366013","5077","5","73","2","1,2,3,7,11,12,18,22,23,25,27,32,35,39,43,44,45,49,52,59,60,63,66,70,71,75,77,82,84,90,97,109,121,126,127,134,136,143,146,165,181,187,196,198,199,200","TCGA-E9-A1RH,TCGA-E2-A1LE"
"CCNB3","166","CCNB3","10","0.218954248366013","5077","5","6","2","166","TCGA-AR-A1AI,TCGA-A2-A3Y0"
"VAV3","167","VAV3","4","0.218954248366013","5077","5","12","3","13,41,111,167,213","TCGA-E2-A1LG,TCGA-AO-A1KR,TCGA-A2-A3XV"
"SERPINE1","168","SERPINE1","6","0.218954248366013","5077","5","13","3","29,53,103,168,177,191","TCGA-EW-A1PB,TCGA-AC-A2QH,TCGA-AR-A256"
"CCR1","169","CCR1","4","0.218954248366013","5077","5","19","2","91,152,169,184","TCGA-EW-A2FS,TCGA-EW-A1P4"
"KCNJ5","170","KCNJ5","1","0.218954248366013","5077","5","24","1","130,133,162,170","TCGA-C8-A1HJ"
"FZD6","171","FZD6","2","0.218954248366013","5077","5","30","2","25,29,39,75,88,149,152,171,188,197","TCGA-D8-A1JA,TCGA-BH-A204"
"PTPRB","172","PTPRB","15","0.218954248366013","5077","5","9","4","96,115,172","TCGA-B6-A400,TCGA-E9-A244,TCGA-A7-A13D,TCGA-D8-A1Y3"
"CAV1","173","CAV1","4","0.218954248366013","5077","5","71","2","4,6,8,9,15,21,28,29,33,34,36,38,41,42,46,61,64,78,87,93,99,101,104,108,111,112,113,114,122,123,142,145,150,159,173,185,207,216,228","TCGA-E9-A2JS,TCGA-BH-A18G"
"GRIK3","174","GRIK3","5","0.339869281045752","5077","4","10","2","86,161,174,211","TCGA-GI-A2C9,TCGA-D8-A1JN"
"TRIM29","175","TRIM29","3","0.339869281045752","5077","4","5","2","175","TCGA-B6-A400,TCGA-BH-A209"
"COL6A6","176","COL6A6","12","0.339869281045752","5077","4","18","3","21,28,64,93,99,101,142,145,176,216","TCGA-BH-A1EO,TCGA-AO-A1KS,TCGA-D8-A27E"
"ESR1","177","ESR1","4","0.339869281045752","5077","4","42","2","13,41,51,53,103,111,149,152,168,177,203","TCGA-AC-A23H,TCGA-E2-A10A"
"IL12RB2","178","IL12RB2","3","0.339869281045752","5077","4","35","1","24,58,67,91,123,139,178,186,237","TCGA-BH-A209"
"CD40LG","179","CD40LG","1","0.339869281045752","5077","4","8","1","40,51,58,179","TCGA-BH-A0BS"
"GLI1","180","GLI1","2","0.339869281045752","5077","4","51","1","29,47,57,124,152,180,217","TCGA-EW-A1PC"
"PCDHA8","181","PCDHA8","7","0.339869281045752","5077","4","73","1","1,2,3,7,11,12,18,22,23,25,27,32,35,39,43,44,45,49,52,59,60,63,66,70,71,75,77,82,84,90,97,109,121,126,127,134,136,143,146,165,181,187,196,198,199,200","TCGA-AR-A1AY"
"CNTN2","182","CNTN2","6","0.339869281045752","5077","4","11","3","96,115,182,219,236","TCGA-C8-A134,TCGA-AC-A2FM,TCGA-B6-A402"
"SPHKAP","183","SPHKAP","17","0.339869281045752","5077","4","4","3","10,37,183","TCGA-D8-A1XQ,TCGA-E2-A1LH,TCGA-BH-A1FE"
"CXCR3","184","CXCR3","4","0.339869281045752","5077","4","11","1","152,169,184","TCGA-E2-A15R"
"COL22A1","185","COL22A1","7","0.339869281045752","5077","4","29","3","4,6,8,9,20,28,30,38,64,93,99,101,113,114,142,145,150,173,185,207,216","TCGA-A2-A4RW,TCGA-C8-A12K,TCGA-D8-A1X5"
"LCK","186","LCK","3","0.339869281045752","5077","4","80","3","10,13,24,37,41,50,58,73,89,91,112,123,178,186,201,213","TCGA-D8-A1JA,TCGA-E9-A1RB,TCGA-D8-A1XJ"
"CDH3","187","CDH3","2","0.339869281045752","5077","4","85","2","1,2,3,7,11,12,18,22,23,25,27,32,35,39,43,44,45,49,52,59,60,63,66,70,71,75,77,82,84,90,97,109,121,126,127,134,135,136,143,146,165,181,187,196,198,199,200","TCGA-D8-A1XQ,TCGA-GM-A2DN"
"PLCB1","188","PLCB1","8","0.339869281045752","5077","4","51","3","10,13,37,41,76,81,107,112,133,149,152,171,188,194,228","TCGA-D8-A1XQ,TCGA-EW-A1PC,TCGA-BH-A5J0"
"PRKG1","189","PRKG1","4","0.339869281045752","5077","4","19","3","10,37,76,189","TCGA-PE-A5DC,TCGA-BH-A18G,TCGA-D8-A1XK"
"ZNF80","190","ZNF80","1","0.339869281045752","5077","4","42","1","14,19,31,55,56,65,68,79,95,100,105,106,116,117,125,190,192","TCGA-D8-A27F"
"EGR1","191","EGR1","2","0.339869281045752","5077","4","42","2","6,41,51,53,96,111,168,191,204,226,237","TCGA-E9-A1R0,TCGA-D8-A1XK"
"ZIK1","192","ZIK1","3","0.339869281045752","5077","4","42","2","14,19,31,55,56,65,68,79,95,100,105,106,116,117,125,190,192","TCGA-GM-A2DH,TCGA-C8-A12K"
"TUBAL3","193","TUBAL3","3","0.339869281045752","5077","4","12","2","193,223","TCGA-E2-A1B0,TCGA-E2-A570"
"CALML6","194","CALML6","1","0.339869281045752","5077","4","26","1","86,88,129,188,194,228","TCGA-A2-A3Y0"
"F12","195","F12","1","0.339869281045752","5077","4","10","1","36,108,195","TCGA-EW-A1PB"
"PCDHB6","196","PCDHB6","7","0.339869281045752","5077","4","73","2","1,2,3,7,11,12,18,22,23,25,27,32,35,39,43,44,45,49,52,59,60,63,66,70,71,75,77,82,84,90,97,109,121,126,127,134,136,143,146,165,181,187,196,198,199,200","TCGA-C8-A273,TCGA-A7-A4SF"
"SFRP2","197","SFRP2","2","0.339869281045752","5077","4","22","1","171,197","TCGA-B6-A3ZX"
"CDH17","198","CDH17","6","0.339869281045752","5077","4","73","2","1,2,3,7,11,12,18,22,23,25,27,32,35,39,43,44,45,49,52,59,60,63,66,70,71,75,77,82,84,90,97,109,121,126,127,134,136,143,146,165,181,187,196,198,199,200","TCGA-C8-A12L,TCGA-GM-A2DA"
"PCDHAC2","199","PCDHAC2","6","0.339869281045752","5077","4","73","2","1,2,3,7,11,12,18,22,23,25,27,32,35,39,43,44,45,49,52,59,60,63,66,70,71,75,77,82,84,90,97,109,121,126,127,134,136,143,146,165,181,187,196,198,199,200","TCGA-C8-A137,TCGA-EW-A2FV"
"PCDH7","200","PCDH7","1","0.339869281045752","5077","4","73","1","1,2,3,7,11,12,18,22,23,25,27,32,35,39,43,44,45,49,52,59,60,63,66,70,71,75,77,82,84,90,97,109,121,126,127,134,136,143,146,165,181,187,196,198,199,200","TCGA-E2-A14O"
"EPHB1","201","EPHB1","8","0.339869281045752","5077","4","9","2","13,186,201,227","TCGA-OL-A5RW,TCGA-BH-A18G"
"CACNA1E","202","CACNA1E","22","0.339869281045752","5077","4","10","2","5,16,48,118,202,220","TCGA-D8-A27H,TCGA-AC-A62X"
"C3","203","C3","8","0.339869281045752","5077","4","20","4","29,177,203,225","TCGA-D8-A1XG,TCGA-BH-A18U,TCGA-E9-A248,TCGA-D8-A1XK"
"EGR2","204","EGR2","3","0.339869281045752","5077","4","12","3","51,53,191,204","TCGA-A2-A04W,TCGA-HN-A2NL,TCGA-D8-A1JN"
"NFATC4","205","NFATC4","7","0.339869281045752","5077","4","5","4","205","TCGA-D8-A1J8,TCGA-C8-A3M8,TCGA-E2-A15K,TCGA-D8-A1JG"
"TPM2","206","TPM2","3","0.339869281045752","5077","4","18","3","17,30,92,206,221","TCGA-A2-A4RY,TCGA-BH-A28Q,TCGA-E9-A243"
"ITGAL","207","ITGAL","4","0.339869281045752","5077","4","58","2","4,6,8,9,15,20,21,28,30,33,34,36,38,42,46,61,64,78,87,89,93,104,108,113,114,122,142,145,148,159,173,185,207","TCGA-AC-A3TN,TCGA-E9-A1R7"
"PARK2","208","PARK2","4","0.339869281045752","5077","4","11","2","208","TCGA-A7-A5ZV,TCGA-C8-A1HM"
"VLDLR","209","VLDLR","5","0.339869281045752","5077","4","12","2","13,26,29,80,209","TCGA-A2-A04U,TCGA-E2-A574"
"HLA-F","210","HLA-F","3","0.339869281045752","5077","4","22","2","24,73,156,210","TCGA-E9-A22G,TCGA-D8-A27M"
"KALRN","211","KALRN","10","0.339869281045752","5077","4","14","2","86,161,174,211","TCGA-D8-A1JT,TCGA-D8-A1JA"
"PROS1","212","PROS1","3","0.339869281045752","5077","4","7","1","212","TCGA-AC-A2BK"
"EPHA4","213","EPHA4","11","0.339869281045752","5077","4","12","3","138,164,167,186,213,227,234","TCGA-E9-A5UP,TCGA-B6-A0I1,TCGA-BH-A18G"
"SPTA1","214","SPTA1","34","0.339869281045752","5077","4","5","4","214","TCGA-AR-A251,TCGA-AO-A1KR,TCGA-BH-A18G,TCGA-AR-A1AS"
"DST","215","DST","33","0.339869281045752","5077","4","5","3","28,215","TCGA-E9-A244,TCGA-E2-A14R,TCGA-A2-A3XV"
"ITGA6","216","ITGA6","2","0.339869281045752","5077","4","69","1","4,6,9,10,13,15,20,21,26,28,30,33,34,36,38,41,42,46,61,64,78,87,93,104,108,112,113,114,115,122,142,145,159,173,176,185,216","TCGA-BH-A209"
"MEIS2","217","MEIS2","4","0.339869281045752","5077","4","11","3","47,57,180,217","TCGA-D8-A1JA,TCGA-AC-A23H,TCGA-C8-A27B"
"CLCA2","218","CLCA2","4","0.509803921568627","5077","3","4","2","129,218","TCGA-D8-A1XQ,TCGA-C8-A26Y"
"CNTNAP2","219","CNTNAP2","13","0.509803921568627","5077","3","2","3","182,219","TCGA-EW-A1J5,TCGA-BH-A1FJ,TCGA-AR-A254"
"ABCC8","220","ABCC8","11","0.509803921568627","5077","3","9","2","62,94,141,202,220","TCGA-A2-A3XU,TCGA-C8-A1HO"
"TNNI3","221","TNNI3","2","0.509803921568627","5077","3","14","2","10,17,30,92,206,221","TCGA-D8-A1XQ,TCGA-D8-A1JA"
"PLCH1","222","PLCH1","11","0.509803921568627","5077","3","3","3","222","TCGA-B6-A1KC,TCGA-AC-A3YJ,TCGA-AC-A2BK"
"TUBA3C","223","TUBA3C","5","0.509803921568627","5077","3","12","2","193,223","TCGA-A7-A4SF,TCGA-E2-A14X"
"KCND3","224","KCND3","6","0.509803921568627","5077","3","4","2","224","TCGA-EW-A1PB,TCGA-C8-A26X"
"C4BPA","225","C4BPA","3","0.509803921568627","5077","3","4","1","29,203,225","TCGA-E2-A1LS"
"WT1","226","WT1","5","0.509803921568627","5077","3","25","2","1,41,51,53,103,112,191,226,237","TCGA-AR-A1AJ,TCGA-A7-A5ZV"
"BLK","227","BLK","3","0.509803921568627","5077","3","24","2","13,41,50,112,201,213,227","TCGA-D8-A140,TCGA-OL-A5S0"
"CAMK2B","228","CAMK2B","3","0.509803921568627","5077","3","23","1","10,37,81,86,88,91,110,173,188,194,228,237","TCGA-E9-A3Q9"
"DNAH11","229","DNAH11","18","0.509803921568627","5077","3","2","3","229","TCGA-AO-A12H,TCGA-BH-A2L8,TCGA-BH-A1EV"
"ADCY2","230","ADCY2","6","0.509803921568627","5077","3","9","1","132,152,230","TCGA-AR-A256"
"MYO18B","231","MYO18B","15","0.509803921568627","5077","3","3","2","135,231","TCGA-B6-A400,TCGA-E2-A1LH"
"FADS2","232","FADS2","5","0.509803921568627","5077","3","2","3","155,232","TCGA-D8-A1XQ,TCGA-GM-A2DH,TCGA-BH-A18T"
"CACNA1H","233","CACNA1H","7","0.509803921568627","5077","3","8","2","5,16,48,118,233","TCGA-A2-A3XS,TCGA-EW-A3U0"
"FGFR4","234","FGFR4","2","0.509803921568627","5077","3","26","2","10,37,76,91,138,164,213,234","TCGA-C8-A1HM,TCGA-D8-A1XT"
"NRXN1","235","NRXN1","10","0.509803921568627","5077","3","4","2","96,235","TCGA-A7-A3RF,TCGA-AQ-A54N"
"L1CAM","236","L1CAM","10","0.509803921568627","5077","3","10","3","96,163,182,236","TCGA-OL-A5RW,TCGA-B6-A1KN,TCGA-D8-A1Y1"
"IFNG","237","IFNG","3","0.509803921568627","5077","3","20","2","13,40,41,51,53,67,91,103,112,178,191,226,228,237","TCGA-E2-A1LH,TCGA-A7-A26F"
"CCDC74B","238","CCDC74B","5","0.509803921568627","5077","3","1","3","238","TCGA-A7-A3IZ,TCGA-D8-A1XW,TCGA-AC-A5XU"
